# library	entry_point	managed_return	abi_return
sdkencryptedappticket	SteamEncryptedAppTicket_BDecryptTicket	bool	u64
sdkencryptedappticket	SteamEncryptedAppTicket_BIsLicenseBorrowed	bool	u64
sdkencryptedappticket	SteamEncryptedAppTicket_BIsLicenseTemporary	bool	u64
sdkencryptedappticket	SteamEncryptedAppTicket_BIsTicketForApp	bool	u64
sdkencryptedappticket	SteamEncryptedAppTicket_BIsTicketSigned	bool	u64
sdkencryptedappticket	SteamEncryptedAppTicket_BUserIsVacBanned	bool	u64
sdkencryptedappticket	SteamEncryptedAppTicket_BUserOwnsAppInTicket	bool	u64
sdkencryptedappticket	SteamEncryptedAppTicket_GetTicketAppID	uint	u64
sdkencryptedappticket	SteamEncryptedAppTicket_GetTicketIssueTime	uint	u64
sdkencryptedappticket	SteamEncryptedAppTicket_GetTicketSteamID	void	void
sdkencryptedappticket	SteamEncryptedAppTicket_GetUserVariableData	IntPtr	u64
steam_api	SteamAPI_GetHSteamPipe	int	u64
steam_api	SteamAPI_GetHSteamUser	int	u64
steam_api	SteamAPI_GetSteamInstallPath	int	u64
steam_api	SteamAPI_ISteamAppList_GetAppBuildId	int	u64
steam_api	SteamAPI_ISteamAppList_GetAppInstallDir	int	u64
steam_api	SteamAPI_ISteamAppList_GetAppName	int	u64
steam_api	SteamAPI_ISteamAppList_GetInstalledApps	uint	u64
steam_api	SteamAPI_ISteamAppList_GetNumInstalledApps	uint	u64
steam_api	SteamAPI_ISteamApps_BGetDLCDataByIndex	bool	u64
steam_api	SteamAPI_ISteamApps_BIsAppInstalled	bool	u64
steam_api	SteamAPI_ISteamApps_BIsCybercafe	bool	u64
steam_api	SteamAPI_ISteamApps_BIsDlcInstalled	bool	u64
steam_api	SteamAPI_ISteamApps_BIsLowViolence	bool	u64
steam_api	SteamAPI_ISteamApps_BIsSubscribed	bool	u64
steam_api	SteamAPI_ISteamApps_BIsSubscribedApp	bool	u64
steam_api	SteamAPI_ISteamApps_BIsSubscribedFromFamilySharing	bool	u64
steam_api	SteamAPI_ISteamApps_BIsSubscribedFromFreeWeekend	bool	u64
steam_api	SteamAPI_ISteamApps_BIsTimedTrial	bool	u64
steam_api	SteamAPI_ISteamApps_BIsVACBanned	bool	u64
steam_api	SteamAPI_ISteamApps_GetAppBuildId	int	u64
steam_api	SteamAPI_ISteamApps_GetAppInstallDir	uint	u64
steam_api	SteamAPI_ISteamApps_GetAppOwner	ulong	u64
steam_api	SteamAPI_ISteamApps_GetAvailableGameLanguages	IntPtr	u64
steam_api	SteamAPI_ISteamApps_GetCurrentBetaName	bool	u64
steam_api	SteamAPI_ISteamApps_GetCurrentGameLanguage	IntPtr	u64
steam_api	SteamAPI_ISteamApps_GetDLCCount	int	u64
steam_api	SteamAPI_ISteamApps_GetDlcDownloadProgress	bool	u64
steam_api	SteamAPI_ISteamApps_GetEarliestPurchaseUnixTime	uint	u64
steam_api	SteamAPI_ISteamApps_GetFileDetails	ulong	u64
steam_api	SteamAPI_ISteamApps_GetInstalledDepots	uint	u64
steam_api	SteamAPI_ISteamApps_GetLaunchCommandLine	int	u64
steam_api	SteamAPI_ISteamApps_GetLaunchQueryParam	IntPtr	u64
steam_api	SteamAPI_ISteamApps_InstallDLC	void	void
steam_api	SteamAPI_ISteamApps_MarkContentCorrupt	bool	u64
steam_api	SteamAPI_ISteamApps_RequestAllProofOfPurchaseKeys	void	void
steam_api	SteamAPI_ISteamApps_RequestAppProofOfPurchaseKey	void	void
steam_api	SteamAPI_ISteamApps_SetDlcContext	bool	u64
steam_api	SteamAPI_ISteamApps_UninstallDLC	void	void
steam_api	SteamAPI_ISteamClient_BReleaseSteamPipe	bool	u64
steam_api	SteamAPI_ISteamClient_BShutdownIfAllPipesClosed	bool	u64
steam_api	SteamAPI_ISteamClient_ConnectToGlobalUser	int	u64
steam_api	SteamAPI_ISteamClient_CreateLocalUser	int	u64
steam_api	SteamAPI_ISteamClient_CreateSteamPipe	int	u64
steam_api	SteamAPI_ISteamClient_GetIPCCallCount	uint	u64
steam_api	SteamAPI_ISteamClient_GetISteamAppList	IntPtr	u64
steam_api	SteamAPI_ISteamClient_GetISteamApps	IntPtr	u64
steam_api	SteamAPI_ISteamClient_GetISteamController	IntPtr	u64
steam_api	SteamAPI_ISteamClient_GetISteamFriends	IntPtr	u64
steam_api	SteamAPI_ISteamClient_GetISteamGameSearch	IntPtr	u64
steam_api	SteamAPI_ISteamClient_GetISteamGameServer	IntPtr	u64
steam_api	SteamAPI_ISteamClient_GetISteamGameServerStats	IntPtr	u64
steam_api	SteamAPI_ISteamClient_GetISteamGenericInterface	IntPtr	u64
steam_api	SteamAPI_ISteamClient_GetISteamHTMLSurface	IntPtr	u64
steam_api	SteamAPI_ISteamClient_GetISteamHTTP	IntPtr	u64
steam_api	SteamAPI_ISteamClient_GetISteamInput	IntPtr	u64
steam_api	SteamAPI_ISteamClient_GetISteamInventory	IntPtr	u64
steam_api	SteamAPI_ISteamClient_GetISteamMatchmaking	IntPtr	u64
steam_api	SteamAPI_ISteamClient_GetISteamMatchmakingServers	IntPtr	u64
steam_api	SteamAPI_ISteamClient_GetISteamMusic	IntPtr	u64
steam_api	SteamAPI_ISteamClient_GetISteamMusicRemote	IntPtr	u64
steam_api	SteamAPI_ISteamClient_GetISteamNetworking	IntPtr	u64
steam_api	SteamAPI_ISteamClient_GetISteamParentalSettings	IntPtr	u64
steam_api	SteamAPI_ISteamClient_GetISteamParties	IntPtr	u64
steam_api	SteamAPI_ISteamClient_GetISteamRemotePlay	IntPtr	u64
steam_api	SteamAPI_ISteamClient_GetISteamRemoteStorage	IntPtr	u64
steam_api	SteamAPI_ISteamClient_GetISteamScreenshots	IntPtr	u64
steam_api	SteamAPI_ISteamClient_GetISteamUGC	IntPtr	u64
steam_api	SteamAPI_ISteamClient_GetISteamUser	IntPtr	u64
steam_api	SteamAPI_ISteamClient_GetISteamUserStats	IntPtr	u64
steam_api	SteamAPI_ISteamClient_GetISteamUtils	IntPtr	u64
steam_api	SteamAPI_ISteamClient_GetISteamVideo	IntPtr	u64
steam_api	SteamAPI_ISteamClient_ReleaseUser	void	void
steam_api	SteamAPI_ISteamClient_SetLocalIPBinding	void	void
steam_api	SteamAPI_ISteamClient_SetWarningMessageHook	void	void
steam_api	SteamAPI_ISteamFriends_ActivateGameOverlay	void	void
steam_api	SteamAPI_ISteamFriends_ActivateGameOverlayInviteDialog	void	void
steam_api	SteamAPI_ISteamFriends_ActivateGameOverlayInviteDialogConnectString	void	void
steam_api	SteamAPI_ISteamFriends_ActivateGameOverlayRemotePlayTogetherInviteDialog	void	void
steam_api	SteamAPI_ISteamFriends_ActivateGameOverlayToStore	void	void
steam_api	SteamAPI_ISteamFriends_ActivateGameOverlayToUser	void	void
steam_api	SteamAPI_ISteamFriends_ActivateGameOverlayToWebPage	void	void
steam_api	SteamAPI_ISteamFriends_BHasEquippedProfileItem	bool	u64
steam_api	SteamAPI_ISteamFriends_ClearRichPresence	void	void
steam_api	SteamAPI_ISteamFriends_CloseClanChatWindowInSteam	bool	u64
steam_api	SteamAPI_ISteamFriends_DownloadClanActivityCounts	ulong	u64
steam_api	SteamAPI_ISteamFriends_EnumerateFollowingList	ulong	u64
steam_api	SteamAPI_ISteamFriends_GetChatMemberByIndex	ulong	u64
steam_api	SteamAPI_ISteamFriends_GetClanActivityCounts	bool	u64
steam_api	SteamAPI_ISteamFriends_GetClanByIndex	ulong	u64
steam_api	SteamAPI_ISteamFriends_GetClanChatMemberCount	int	u64
steam_api	SteamAPI_ISteamFriends_GetClanChatMessage	int	u64
steam_api	SteamAPI_ISteamFriends_GetClanCount	int	u64
steam_api	SteamAPI_ISteamFriends_GetClanName	IntPtr	u64
steam_api	SteamAPI_ISteamFriends_GetClanOfficerByIndex	ulong	u64
steam_api	SteamAPI_ISteamFriends_GetClanOfficerCount	int	u64
steam_api	SteamAPI_ISteamFriends_GetClanOwner	ulong	u64
steam_api	SteamAPI_ISteamFriends_GetClanTag	IntPtr	u64
steam_api	SteamAPI_ISteamFriends_GetCoplayFriend	ulong	u64
steam_api	SteamAPI_ISteamFriends_GetCoplayFriendCount	int	u64
steam_api	SteamAPI_ISteamFriends_GetFollowerCount	ulong	u64
steam_api	SteamAPI_ISteamFriends_GetFriendByIndex	ulong	u64
steam_api	SteamAPI_ISteamFriends_GetFriendCoplayGame	uint	u64
steam_api	SteamAPI_ISteamFriends_GetFriendCoplayTime	int	u64
steam_api	SteamAPI_ISteamFriends_GetFriendCount	int	u64
steam_api	SteamAPI_ISteamFriends_GetFriendCountFromSource	int	u64
steam_api	SteamAPI_ISteamFriends_GetFriendFromSourceByIndex	ulong	u64
steam_api	SteamAPI_ISteamFriends_GetFriendGamePlayed	bool	u64
steam_api	SteamAPI_ISteamFriends_GetFriendMessage	int	u64
steam_api	SteamAPI_ISteamFriends_GetFriendPersonaName	IntPtr	u64
steam_api	SteamAPI_ISteamFriends_GetFriendPersonaNameHistory	IntPtr	u64
steam_api	SteamAPI_ISteamFriends_GetFriendPersonaState	EPersonaState	u64
steam_api	SteamAPI_ISteamFriends_GetFriendRelationship	EFriendRelationship	u64
steam_api	SteamAPI_ISteamFriends_GetFriendRichPresence	IntPtr	u64
steam_api	SteamAPI_ISteamFriends_GetFriendRichPresenceKeyByIndex	IntPtr	u64
steam_api	SteamAPI_ISteamFriends_GetFriendRichPresenceKeyCount	int	u64
steam_api	SteamAPI_ISteamFriends_GetFriendSteamLevel	int	u64
steam_api	SteamAPI_ISteamFriends_GetFriendsGroupCount	int	u64
steam_api	SteamAPI_ISteamFriends_GetFriendsGroupIDByIndex	short	u64
steam_api	SteamAPI_ISteamFriends_GetFriendsGroupMembersCount	int	u64
steam_api	SteamAPI_ISteamFriends_GetFriendsGroupMembersList	void	void
steam_api	SteamAPI_ISteamFriends_GetFriendsGroupName	IntPtr	u64
steam_api	SteamAPI_ISteamFriends_GetLargeFriendAvatar	int	u64
steam_api	SteamAPI_ISteamFriends_GetMediumFriendAvatar	int	u64
steam_api	SteamAPI_ISteamFriends_GetNumChatsWithUnreadPriorityMessages	int	u64
steam_api	SteamAPI_ISteamFriends_GetPersonaName	IntPtr	u64
steam_api	SteamAPI_ISteamFriends_GetPersonaState	EPersonaState	u64
steam_api	SteamAPI_ISteamFriends_GetPlayerNickname	IntPtr	u64
steam_api	SteamAPI_ISteamFriends_GetProfileItemPropertyString	IntPtr	u64
steam_api	SteamAPI_ISteamFriends_GetProfileItemPropertyUint	uint	u64
steam_api	SteamAPI_ISteamFriends_GetSmallFriendAvatar	int	u64
steam_api	SteamAPI_ISteamFriends_GetUserRestrictions	uint	u64
steam_api	SteamAPI_ISteamFriends_HasFriend	bool	u64
steam_api	SteamAPI_ISteamFriends_InviteUserToGame	bool	u64
steam_api	SteamAPI_ISteamFriends_IsClanChatAdmin	bool	u64
steam_api	SteamAPI_ISteamFriends_IsClanChatWindowOpenInSteam	bool	u64
steam_api	SteamAPI_ISteamFriends_IsClanOfficialGameGroup	bool	u64
steam_api	SteamAPI_ISteamFriends_IsClanPublic	bool	u64
steam_api	SteamAPI_ISteamFriends_IsFollowing	ulong	u64
steam_api	SteamAPI_ISteamFriends_IsUserInSource	bool	u64
steam_api	SteamAPI_ISteamFriends_JoinClanChatRoom	ulong	u64
steam_api	SteamAPI_ISteamFriends_LeaveClanChatRoom	bool	u64
steam_api	SteamAPI_ISteamFriends_OpenClanChatWindowInSteam	bool	u64
steam_api	SteamAPI_ISteamFriends_RegisterProtocolInOverlayBrowser	bool	u64
steam_api	SteamAPI_ISteamFriends_ReplyToFriendMessage	bool	u64
steam_api	SteamAPI_ISteamFriends_RequestClanOfficerList	ulong	u64
steam_api	SteamAPI_ISteamFriends_RequestEquippedProfileItems	ulong	u64
steam_api	SteamAPI_ISteamFriends_RequestFriendRichPresence	void	void
steam_api	SteamAPI_ISteamFriends_RequestUserInformation	bool	u64
steam_api	SteamAPI_ISteamFriends_SendClanChatMessage	bool	u64
steam_api	SteamAPI_ISteamFriends_SetInGameVoiceSpeaking	void	void
steam_api	SteamAPI_ISteamFriends_SetListenForFriendsMessages	bool	u64
steam_api	SteamAPI_ISteamFriends_SetPersonaName	ulong	u64
steam_api	SteamAPI_ISteamFriends_SetPlayedWith	void	void
steam_api	SteamAPI_ISteamFriends_SetRichPresence	bool	u64
steam_api	SteamAPI_ISteamGameSearch_AcceptGame	EGameSearchErrorCode_t	u64
steam_api	SteamAPI_ISteamGameSearch_AddGameSearchParams	EGameSearchErrorCode_t	u64
steam_api	SteamAPI_ISteamGameSearch_CancelRequestPlayersForGame	EGameSearchErrorCode_t	u64
steam_api	SteamAPI_ISteamGameSearch_DeclineGame	EGameSearchErrorCode_t	u64
steam_api	SteamAPI_ISteamGameSearch_EndGame	EGameSearchErrorCode_t	u64
steam_api	SteamAPI_ISteamGameSearch_EndGameSearch	EGameSearchErrorCode_t	u64
steam_api	SteamAPI_ISteamGameSearch_HostConfirmGameStart	EGameSearchErrorCode_t	u64
steam_api	SteamAPI_ISteamGameSearch_RequestPlayersForGame	EGameSearchErrorCode_t	u64
steam_api	SteamAPI_ISteamGameSearch_RetrieveConnectionDetails	EGameSearchErrorCode_t	u64
steam_api	SteamAPI_ISteamGameSearch_SearchForGameSolo	EGameSearchErrorCode_t	u64
steam_api	SteamAPI_ISteamGameSearch_SearchForGameWithLobby	EGameSearchErrorCode_t	u64
steam_api	SteamAPI_ISteamGameSearch_SetConnectionDetails	EGameSearchErrorCode_t	u64
steam_api	SteamAPI_ISteamGameSearch_SetGameHostParams	EGameSearchErrorCode_t	u64
steam_api	SteamAPI_ISteamGameSearch_SubmitPlayerResult	EGameSearchErrorCode_t	u64
steam_api	SteamAPI_ISteamGameServerStats_ClearUserAchievement	bool	u64
steam_api	SteamAPI_ISteamGameServerStats_GetUserAchievement	bool	u64
steam_api	SteamAPI_ISteamGameServerStats_GetUserStatFloat	bool	u64
steam_api	SteamAPI_ISteamGameServerStats_GetUserStatInt32	bool	u64
steam_api	SteamAPI_ISteamGameServerStats_RequestUserStats	ulong	u64
steam_api	SteamAPI_ISteamGameServerStats_SetUserAchievement	bool	u64
steam_api	SteamAPI_ISteamGameServerStats_SetUserStatFloat	bool	u64
steam_api	SteamAPI_ISteamGameServerStats_SetUserStatInt32	bool	u64
steam_api	SteamAPI_ISteamGameServerStats_StoreUserStats	ulong	u64
steam_api	SteamAPI_ISteamGameServerStats_UpdateUserAvgRateStat	bool	u64
steam_api	SteamAPI_ISteamGameServer_AssociateWithClan	ulong	u64
steam_api	SteamAPI_ISteamGameServer_BLoggedOn	bool	u64
steam_api	SteamAPI_ISteamGameServer_BSecure	bool	u64
steam_api	SteamAPI_ISteamGameServer_BUpdateUserData	bool	u64
steam_api	SteamAPI_ISteamGameServer_BeginAuthSession	EBeginAuthSessionResult	u64
steam_api	SteamAPI_ISteamGameServer_CancelAuthTicket	void	void
steam_api	SteamAPI_ISteamGameServer_ClearAllKeyValues	void	void
steam_api	SteamAPI_ISteamGameServer_ComputeNewPlayerCompatibility	ulong	u64
steam_api	SteamAPI_ISteamGameServer_CreateUnauthenticatedUserConnection	ulong	u64
steam_api	SteamAPI_ISteamGameServer_EndAuthSession	void	void
steam_api	SteamAPI_ISteamGameServer_GetAuthSessionTicket	uint	u64
steam_api	SteamAPI_ISteamGameServer_GetGameplayStats	void	void
steam_api	SteamAPI_ISteamGameServer_GetNextOutgoingPacket	int	u64
steam_api	SteamAPI_ISteamGameServer_GetPublicIP	SteamIPAddress_t	struct:SteamIPAddress_t
steam_api	SteamAPI_ISteamGameServer_GetServerReputation	ulong	u64
steam_api	SteamAPI_ISteamGameServer_GetSteamID	ulong	u64
steam_api	SteamAPI_ISteamGameServer_HandleIncomingPacket	bool	u64
steam_api	SteamAPI_ISteamGameServer_LogOff	void	void
steam_api	SteamAPI_ISteamGameServer_LogOn	void	void
steam_api	SteamAPI_ISteamGameServer_LogOnAnonymous	void	void
steam_api	SteamAPI_ISteamGameServer_RequestUserGroupStatus	bool	u64
steam_api	SteamAPI_ISteamGameServer_SendUserConnectAndAuthenticate_DEPRECATED	bool	u64
steam_api	SteamAPI_ISteamGameServer_SendUserDisconnect_DEPRECATED	void	void
steam_api	SteamAPI_ISteamGameServer_SetAdvertiseServerActive	void	void
steam_api	SteamAPI_ISteamGameServer_SetBotPlayerCount	void	void
steam_api	SteamAPI_ISteamGameServer_SetDedicatedServer	void	void
steam_api	SteamAPI_ISteamGameServer_SetGameData	void	void
steam_api	SteamAPI_ISteamGameServer_SetGameDescription	void	void
steam_api	SteamAPI_ISteamGameServer_SetGameTags	void	void
steam_api	SteamAPI_ISteamGameServer_SetKeyValue	void	void
steam_api	SteamAPI_ISteamGameServer_SetMapName	void	void
steam_api	SteamAPI_ISteamGameServer_SetMaxPlayerCount	void	void
steam_api	SteamAPI_ISteamGameServer_SetModDir	void	void
steam_api	SteamAPI_ISteamGameServer_SetPasswordProtected	void	void
steam_api	SteamAPI_ISteamGameServer_SetProduct	void	void
steam_api	SteamAPI_ISteamGameServer_SetRegion	void	void
steam_api	SteamAPI_ISteamGameServer_SetServerName	void	void
steam_api	SteamAPI_ISteamGameServer_SetSpectatorPort	void	void
steam_api	SteamAPI_ISteamGameServer_SetSpectatorServerName	void	void
steam_api	SteamAPI_ISteamGameServer_UserHasLicenseForApp	EUserHasLicenseForAppResult	u64
steam_api	SteamAPI_ISteamGameServer_WasRestartRequested	bool	u64
steam_api	SteamAPI_ISteamHTMLSurface_AddHeader	void	void
steam_api	SteamAPI_ISteamHTMLSurface_AllowStartRequest	void	void
steam_api	SteamAPI_ISteamHTMLSurface_CopyToClipboard	void	void
steam_api	SteamAPI_ISteamHTMLSurface_CreateBrowser	ulong	u64
steam_api	SteamAPI_ISteamHTMLSurface_ExecuteJavascript	void	void
steam_api	SteamAPI_ISteamHTMLSurface_FileLoadDialogResponse	void	void
steam_api	SteamAPI_ISteamHTMLSurface_Find	void	void
steam_api	SteamAPI_ISteamHTMLSurface_GetLinkAtPosition	void	void
steam_api	SteamAPI_ISteamHTMLSurface_GoBack	void	void
steam_api	SteamAPI_ISteamHTMLSurface_GoForward	void	void
steam_api	SteamAPI_ISteamHTMLSurface_Init	bool	u64
steam_api	SteamAPI_ISteamHTMLSurface_JSDialogResponse	void	void
steam_api	SteamAPI_ISteamHTMLSurface_KeyChar	void	void
steam_api	SteamAPI_ISteamHTMLSurface_KeyDown	void	void
steam_api	SteamAPI_ISteamHTMLSurface_KeyUp	void	void
steam_api	SteamAPI_ISteamHTMLSurface_LoadURL	void	void
steam_api	SteamAPI_ISteamHTMLSurface_MouseDoubleClick	void	void
steam_api	SteamAPI_ISteamHTMLSurface_MouseDown	void	void
steam_api	SteamAPI_ISteamHTMLSurface_MouseMove	void	void
steam_api	SteamAPI_ISteamHTMLSurface_MouseUp	void	void
steam_api	SteamAPI_ISteamHTMLSurface_MouseWheel	void	void
steam_api	SteamAPI_ISteamHTMLSurface_OpenDeveloperTools	void	void
steam_api	SteamAPI_ISteamHTMLSurface_PasteFromClipboard	void	void
steam_api	SteamAPI_ISteamHTMLSurface_Reload	void	void
steam_api	SteamAPI_ISteamHTMLSurface_RemoveBrowser	void	void
steam_api	SteamAPI_ISteamHTMLSurface_SetBackgroundMode	void	void
steam_api	SteamAPI_ISteamHTMLSurface_SetCookie	void	void
steam_api	SteamAPI_ISteamHTMLSurface_SetDPIScalingFactor	void	void
steam_api	SteamAPI_ISteamHTMLSurface_SetHorizontalScroll	void	void
steam_api	SteamAPI_ISteamHTMLSurface_SetKeyFocus	void	void
steam_api	SteamAPI_ISteamHTMLSurface_SetPageScaleFactor	void	void
steam_api	SteamAPI_ISteamHTMLSurface_SetSize	void	void
steam_api	SteamAPI_ISteamHTMLSurface_SetVerticalScroll	void	void
steam_api	SteamAPI_ISteamHTMLSurface_Shutdown	bool	u64
steam_api	SteamAPI_ISteamHTMLSurface_StopFind	void	void
steam_api	SteamAPI_ISteamHTMLSurface_StopLoad	void	void
steam_api	SteamAPI_ISteamHTMLSurface_ViewSource	void	void
steam_api	SteamAPI_ISteamHTTP_CreateCookieContainer	uint	u64
steam_api	SteamAPI_ISteamHTTP_CreateHTTPRequest	uint	u64
steam_api	SteamAPI_ISteamHTTP_DeferHTTPRequest	bool	u64
steam_api	SteamAPI_ISteamHTTP_GetHTTPDownloadProgressPct	bool	u64
steam_api	SteamAPI_ISteamHTTP_GetHTTPRequestWasTimedOut	bool	u64
steam_api	SteamAPI_ISteamHTTP_GetHTTPResponseBodyData	bool	u64
steam_api	SteamAPI_ISteamHTTP_GetHTTPResponseBodySize	bool	u64
steam_api	SteamAPI_ISteamHTTP_GetHTTPResponseHeaderSize	bool	u64
steam_api	SteamAPI_ISteamHTTP_GetHTTPResponseHeaderValue	bool	u64
steam_api	SteamAPI_ISteamHTTP_GetHTTPStreamingResponseBodyData	bool	u64
steam_api	SteamAPI_ISteamHTTP_PrioritizeHTTPRequest	bool	u64
steam_api	SteamAPI_ISteamHTTP_ReleaseCookieContainer	bool	u64
steam_api	SteamAPI_ISteamHTTP_ReleaseHTTPRequest	bool	u64
steam_api	SteamAPI_ISteamHTTP_SendHTTPRequest	bool	u64
steam_api	SteamAPI_ISteamHTTP_SendHTTPRequestAndStreamResponse	bool	u64
steam_api	SteamAPI_ISteamHTTP_SetCookie	bool	u64
steam_api	SteamAPI_ISteamHTTP_SetHTTPRequestAbsoluteTimeoutMS	bool	u64
steam_api	SteamAPI_ISteamHTTP_SetHTTPRequestContextValue	bool	u64
steam_api	SteamAPI_ISteamHTTP_SetHTTPRequestCookieContainer	bool	u64
steam_api	SteamAPI_ISteamHTTP_SetHTTPRequestGetOrPostParameter	bool	u64
steam_api	SteamAPI_ISteamHTTP_SetHTTPRequestHeaderValue	bool	u64
steam_api	SteamAPI_ISteamHTTP_SetHTTPRequestNetworkActivityTimeout	bool	u64
steam_api	SteamAPI_ISteamHTTP_SetHTTPRequestRawPostBody	bool	u64
steam_api	SteamAPI_ISteamHTTP_SetHTTPRequestRequiresVerifiedCertificate	bool	u64
steam_api	SteamAPI_ISteamHTTP_SetHTTPRequestUserAgentInfo	bool	u64
steam_api	SteamAPI_ISteamInput_ActivateActionSet	void	void
steam_api	SteamAPI_ISteamInput_ActivateActionSetLayer	void	void
steam_api	SteamAPI_ISteamInput_BNewDataAvailable	bool	u64
steam_api	SteamAPI_ISteamInput_BWaitForData	bool	u64
steam_api	SteamAPI_ISteamInput_DeactivateActionSetLayer	void	void
steam_api	SteamAPI_ISteamInput_DeactivateAllActionSetLayers	void	void
steam_api	SteamAPI_ISteamInput_EnableActionEventCallbacks	void	void
steam_api	SteamAPI_ISteamInput_EnableDeviceCallbacks	void	void
steam_api	SteamAPI_ISteamInput_GetActionOriginFromXboxOrigin	EInputActionOrigin	u64
steam_api	SteamAPI_ISteamInput_GetActionSetHandle	ulong	u64
steam_api	SteamAPI_ISteamInput_GetActiveActionSetLayers	int	u64
steam_api	SteamAPI_ISteamInput_GetAnalogActionData	InputAnalogActionData_t	struct:InputAnalogActionData_t
steam_api	SteamAPI_ISteamInput_GetAnalogActionHandle	ulong	u64
steam_api	SteamAPI_ISteamInput_GetAnalogActionOrigins	int	u64
steam_api	SteamAPI_ISteamInput_GetConnectedControllers	int	u64
steam_api	SteamAPI_ISteamInput_GetControllerForGamepadIndex	ulong	u64
steam_api	SteamAPI_ISteamInput_GetCurrentActionSet	ulong	u64
steam_api	SteamAPI_ISteamInput_GetDeviceBindingRevision	bool	u64
steam_api	SteamAPI_ISteamInput_GetDigitalActionData	InputDigitalActionData_t	struct:InputDigitalActionData_t
steam_api	SteamAPI_ISteamInput_GetDigitalActionHandle	ulong	u64
steam_api	SteamAPI_ISteamInput_GetDigitalActionOrigins	int	u64
steam_api	SteamAPI_ISteamInput_GetGamepadIndexForController	int	u64
steam_api	SteamAPI_ISteamInput_GetGlyphForActionOrigin_Legacy	IntPtr	u64
steam_api	SteamAPI_ISteamInput_GetGlyphForXboxOrigin	IntPtr	u64
steam_api	SteamAPI_ISteamInput_GetGlyphPNGForActionOrigin	IntPtr	u64
steam_api	SteamAPI_ISteamInput_GetGlyphSVGForActionOrigin	IntPtr	u64
steam_api	SteamAPI_ISteamInput_GetInputTypeForHandle	ESteamInputType	u64
steam_api	SteamAPI_ISteamInput_GetMotionData	InputMotionData_t	struct:InputMotionData_t
steam_api	SteamAPI_ISteamInput_GetRemotePlaySessionID	uint	u64
steam_api	SteamAPI_ISteamInput_GetSessionInputConfigurationSettings	ushort	u64
steam_api	SteamAPI_ISteamInput_GetStringForActionOrigin	IntPtr	u64
steam_api	SteamAPI_ISteamInput_GetStringForAnalogActionName	IntPtr	u64
steam_api	SteamAPI_ISteamInput_GetStringForDigitalActionName	IntPtr	u64
steam_api	SteamAPI_ISteamInput_GetStringForXboxOrigin	IntPtr	u64
steam_api	SteamAPI_ISteamInput_Init	bool	u64
steam_api	SteamAPI_ISteamInput_Legacy_TriggerHapticPulse	void	void
steam_api	SteamAPI_ISteamInput_Legacy_TriggerRepeatedHapticPulse	void	void
steam_api	SteamAPI_ISteamInput_RunFrame	void	void
steam_api	SteamAPI_ISteamInput_SetDualSenseTriggerEffect	void	void
steam_api	SteamAPI_ISteamInput_SetInputActionManifestFilePath	bool	u64
steam_api	SteamAPI_ISteamInput_SetLEDColor	void	void
steam_api	SteamAPI_ISteamInput_ShowBindingPanel	bool	u64
steam_api	SteamAPI_ISteamInput_Shutdown	bool	u64
steam_api	SteamAPI_ISteamInput_StopAnalogActionMomentum	void	void
steam_api	SteamAPI_ISteamInput_TranslateActionOrigin	EInputActionOrigin	u64
steam_api	SteamAPI_ISteamInput_TriggerSimpleHapticEvent	void	void
steam_api	SteamAPI_ISteamInput_TriggerVibration	void	void
steam_api	SteamAPI_ISteamInput_TriggerVibrationExtended	void	void
steam_api	SteamAPI_ISteamInventory_AddPromoItem	bool	u64
steam_api	SteamAPI_ISteamInventory_AddPromoItems	bool	u64
steam_api	SteamAPI_ISteamInventory_CheckResultSteamID	bool	u64
steam_api	SteamAPI_ISteamInventory_ConsumeItem	bool	u64
steam_api	SteamAPI_ISteamInventory_DeserializeResult	bool	u64
steam_api	SteamAPI_ISteamInventory_DestroyResult	void	void
steam_api	SteamAPI_ISteamInventory_ExchangeItems	bool	u64
steam_api	SteamAPI_ISteamInventory_GenerateItems	bool	u64
steam_api	SteamAPI_ISteamInventory_GetAllItems	bool	u64
steam_api	SteamAPI_ISteamInventory_GetEligiblePromoItemDefinitionIDs	bool	u64
steam_api	SteamAPI_ISteamInventory_GetItemDefinitionIDs	bool	u64
steam_api	SteamAPI_ISteamInventory_GetItemDefinitionProperty	bool	u64
steam_api	SteamAPI_ISteamInventory_GetItemPrice	bool	u64
steam_api	SteamAPI_ISteamInventory_GetItemsByID	bool	u64
steam_api	SteamAPI_ISteamInventory_GetItemsWithPrices	bool	u64
steam_api	SteamAPI_ISteamInventory_GetNumItemsWithPrices	uint	u64
steam_api	SteamAPI_ISteamInventory_GetResultItemProperty	bool	u64
steam_api	SteamAPI_ISteamInventory_GetResultItems	bool	u64
steam_api	SteamAPI_ISteamInventory_GetResultStatus	EResult	u64
steam_api	SteamAPI_ISteamInventory_GetResultTimestamp	uint	u64
steam_api	SteamAPI_ISteamInventory_GrantPromoItems	bool	u64
steam_api	SteamAPI_ISteamInventory_InspectItem	bool	u64
steam_api	SteamAPI_ISteamInventory_LoadItemDefinitions	bool	u64
steam_api	SteamAPI_ISteamInventory_RemoveProperty	bool	u64
steam_api	SteamAPI_ISteamInventory_RequestEligiblePromoItemDefinitionsIDs	ulong	u64
steam_api	SteamAPI_ISteamInventory_RequestPrices	ulong	u64
steam_api	SteamAPI_ISteamInventory_SendItemDropHeartbeat	void	void
steam_api	SteamAPI_ISteamInventory_SerializeResult	bool	u64
steam_api	SteamAPI_ISteamInventory_SetPropertyBool	bool	u64
steam_api	SteamAPI_ISteamInventory_SetPropertyFloat	bool	u64
steam_api	SteamAPI_ISteamInventory_SetPropertyInt64	bool	u64
steam_api	SteamAPI_ISteamInventory_SetPropertyString	bool	u64
steam_api	SteamAPI_ISteamInventory_StartPurchase	ulong	u64
steam_api	SteamAPI_ISteamInventory_StartUpdateProperties	ulong	u64
steam_api	SteamAPI_ISteamInventory_SubmitUpdateProperties	bool	u64
steam_api	SteamAPI_ISteamInventory_TradeItems	bool	u64
steam_api	SteamAPI_ISteamInventory_TransferItemQuantity	bool	u64
steam_api	SteamAPI_ISteamInventory_TriggerItemDrop	bool	u64
steam_api	SteamAPI_ISteamMatchmakingServers_CancelQuery	void	void
steam_api	SteamAPI_ISteamMatchmakingServers_CancelServerQuery	void	void
steam_api	SteamAPI_ISteamMatchmakingServers_GetServerCount	int	u64
steam_api	SteamAPI_ISteamMatchmakingServers_GetServerDetails	IntPtr	u64
steam_api	SteamAPI_ISteamMatchmakingServers_IsRefreshing	bool	u64
steam_api	SteamAPI_ISteamMatchmakingServers_PingServer	int	u64
steam_api	SteamAPI_ISteamMatchmakingServers_PlayerDetails	int	u64
steam_api	SteamAPI_ISteamMatchmakingServers_RefreshQuery	void	void
steam_api	SteamAPI_ISteamMatchmakingServers_RefreshServer	void	void
steam_api	SteamAPI_ISteamMatchmakingServers_ReleaseRequest	void	void
steam_api	SteamAPI_ISteamMatchmakingServers_RequestFavoritesServerList	IntPtr	u64
steam_api	SteamAPI_ISteamMatchmakingServers_RequestFriendsServerList	IntPtr	u64
steam_api	SteamAPI_ISteamMatchmakingServers_RequestHistoryServerList	IntPtr	u64
steam_api	SteamAPI_ISteamMatchmakingServers_RequestInternetServerList	IntPtr	u64
steam_api	SteamAPI_ISteamMatchmakingServers_RequestLANServerList	IntPtr	u64
steam_api	SteamAPI_ISteamMatchmakingServers_RequestSpectatorServerList	IntPtr	u64
steam_api	SteamAPI_ISteamMatchmakingServers_ServerRules	int	u64
steam_api	SteamAPI_ISteamMatchmaking_AddFavoriteGame	int	u64
steam_api	SteamAPI_ISteamMatchmaking_AddRequestLobbyListCompatibleMembersFilter	void	void
steam_api	SteamAPI_ISteamMatchmaking_AddRequestLobbyListDistanceFilter	void	void
steam_api	SteamAPI_ISteamMatchmaking_AddRequestLobbyListFilterSlotsAvailable	void	void
steam_api	SteamAPI_ISteamMatchmaking_AddRequestLobbyListNearValueFilter	void	void
steam_api	SteamAPI_ISteamMatchmaking_AddRequestLobbyListNumericalFilter	void	void
steam_api	SteamAPI_ISteamMatchmaking_AddRequestLobbyListResultCountFilter	void	void
steam_api	SteamAPI_ISteamMatchmaking_AddRequestLobbyListStringFilter	void	void
steam_api	SteamAPI_ISteamMatchmaking_CreateLobby	ulong	u64
steam_api	SteamAPI_ISteamMatchmaking_DeleteLobbyData	bool	u64
steam_api	SteamAPI_ISteamMatchmaking_GetFavoriteGame	bool	u64
steam_api	SteamAPI_ISteamMatchmaking_GetFavoriteGameCount	int	u64
steam_api	SteamAPI_ISteamMatchmaking_GetLobbyByIndex	ulong	u64
steam_api	SteamAPI_ISteamMatchmaking_GetLobbyChatEntry	int	u64
steam_api	SteamAPI_ISteamMatchmaking_GetLobbyData	IntPtr	u64
steam_api	SteamAPI_ISteamMatchmaking_GetLobbyDataByIndex	bool	u64
steam_api	SteamAPI_ISteamMatchmaking_GetLobbyDataCount	int	u64
steam_api	SteamAPI_ISteamMatchmaking_GetLobbyGameServer	bool	u64
steam_api	SteamAPI_ISteamMatchmaking_GetLobbyMemberByIndex	ulong	u64
steam_api	SteamAPI_ISteamMatchmaking_GetLobbyMemberData	IntPtr	u64
steam_api	SteamAPI_ISteamMatchmaking_GetLobbyMemberLimit	int	u64
steam_api	SteamAPI_ISteamMatchmaking_GetLobbyOwner	ulong	u64
steam_api	SteamAPI_ISteamMatchmaking_GetNumLobbyMembers	int	u64
steam_api	SteamAPI_ISteamMatchmaking_InviteUserToLobby	bool	u64
steam_api	SteamAPI_ISteamMatchmaking_JoinLobby	ulong	u64
steam_api	SteamAPI_ISteamMatchmaking_LeaveLobby	void	void
steam_api	SteamAPI_ISteamMatchmaking_RemoveFavoriteGame	bool	u64
steam_api	SteamAPI_ISteamMatchmaking_RequestLobbyData	bool	u64
steam_api	SteamAPI_ISteamMatchmaking_RequestLobbyList	ulong	u64
steam_api	SteamAPI_ISteamMatchmaking_SendLobbyChatMsg	bool	u64
steam_api	SteamAPI_ISteamMatchmaking_SetLinkedLobby	bool	u64
steam_api	SteamAPI_ISteamMatchmaking_SetLobbyData	bool	u64
steam_api	SteamAPI_ISteamMatchmaking_SetLobbyGameServer	void	void
steam_api	SteamAPI_ISteamMatchmaking_SetLobbyJoinable	bool	u64
steam_api	SteamAPI_ISteamMatchmaking_SetLobbyMemberData	void	void
steam_api	SteamAPI_ISteamMatchmaking_SetLobbyMemberLimit	bool	u64
steam_api	SteamAPI_ISteamMatchmaking_SetLobbyOwner	bool	u64
steam_api	SteamAPI_ISteamMatchmaking_SetLobbyType	bool	u64
steam_api	SteamAPI_ISteamMusicRemote_BActivationSuccess	bool	u64
steam_api	SteamAPI_ISteamMusicRemote_BIsCurrentMusicRemote	bool	u64
steam_api	SteamAPI_ISteamMusicRemote_CurrentEntryDidChange	bool	u64
steam_api	SteamAPI_ISteamMusicRemote_CurrentEntryIsAvailable	bool	u64
steam_api	SteamAPI_ISteamMusicRemote_CurrentEntryWillChange	bool	u64
steam_api	SteamAPI_ISteamMusicRemote_DeregisterSteamMusicRemote	bool	u64
steam_api	SteamAPI_ISteamMusicRemote_EnableLooped	bool	u64
steam_api	SteamAPI_ISteamMusicRemote_EnablePlayNext	bool	u64
steam_api	SteamAPI_ISteamMusicRemote_EnablePlayPrevious	bool	u64
steam_api	SteamAPI_ISteamMusicRemote_EnablePlaylists	bool	u64
steam_api	SteamAPI_ISteamMusicRemote_EnableQueue	bool	u64
steam_api	SteamAPI_ISteamMusicRemote_EnableShuffled	bool	u64
steam_api	SteamAPI_ISteamMusicRemote_PlaylistDidChange	bool	u64
steam_api	SteamAPI_ISteamMusicRemote_PlaylistWillChange	bool	u64
steam_api	SteamAPI_ISteamMusicRemote_QueueDidChange	bool	u64
steam_api	SteamAPI_ISteamMusicRemote_QueueWillChange	bool	u64
steam_api	SteamAPI_ISteamMusicRemote_RegisterSteamMusicRemote	bool	u64
steam_api	SteamAPI_ISteamMusicRemote_ResetPlaylistEntries	bool	u64
steam_api	SteamAPI_ISteamMusicRemote_ResetQueueEntries	bool	u64
steam_api	SteamAPI_ISteamMusicRemote_SetCurrentPlaylistEntry	bool	u64
steam_api	SteamAPI_ISteamMusicRemote_SetCurrentQueueEntry	bool	u64
steam_api	SteamAPI_ISteamMusicRemote_SetDisplayName	bool	u64
steam_api	SteamAPI_ISteamMusicRemote_SetPNGIcon_64x64	bool	u64
steam_api	SteamAPI_ISteamMusicRemote_SetPlaylistEntry	bool	u64
steam_api	SteamAPI_ISteamMusicRemote_SetQueueEntry	bool	u64
steam_api	SteamAPI_ISteamMusicRemote_UpdateCurrentEntryCoverArt	bool	u64
steam_api	SteamAPI_ISteamMusicRemote_UpdateCurrentEntryElapsedSeconds	bool	u64
steam_api	SteamAPI_ISteamMusicRemote_UpdateCurrentEntryText	bool	u64
steam_api	SteamAPI_ISteamMusicRemote_UpdateLooped	bool	u64
steam_api	SteamAPI_ISteamMusicRemote_UpdatePlaybackStatus	bool	u64
steam_api	SteamAPI_ISteamMusicRemote_UpdateShuffled	bool	u64
steam_api	SteamAPI_ISteamMusicRemote_UpdateVolume	bool	u64
steam_api	SteamAPI_ISteamMusic_BIsEnabled	bool	u64
steam_api	SteamAPI_ISteamMusic_BIsPlaying	bool	u64
steam_api	SteamAPI_ISteamMusic_GetPlaybackStatus	AudioPlayback_Status	u64
steam_api	SteamAPI_ISteamMusic_GetVolume	float	f32
steam_api	SteamAPI_ISteamMusic_Pause	void	void
steam_api	SteamAPI_ISteamMusic_Play	void	void
steam_api	SteamAPI_ISteamMusic_PlayNext	void	void
steam_api	SteamAPI_ISteamMusic_PlayPrevious	void	void
steam_api	SteamAPI_ISteamMusic_SetVolume	void	void
steam_api	SteamAPI_ISteamNetworkingConnectionSignaling_Release	void	void
steam_api	SteamAPI_ISteamNetworkingConnectionSignaling_SendSignal	bool	u64
steam_api	SteamAPI_ISteamNetworkingMessages_AcceptSessionWithUser	bool	u64
steam_api	SteamAPI_ISteamNetworkingMessages_CloseChannelWithUser	bool	u64
steam_api	SteamAPI_ISteamNetworkingMessages_CloseSessionWithUser	bool	u64
steam_api	SteamAPI_ISteamNetworkingMessages_GetSessionConnectionInfo	ESteamNetworkingConnectionState	u64
steam_api	SteamAPI_ISteamNetworkingMessages_ReceiveMessagesOnChannel	int	u64
steam_api	SteamAPI_ISteamNetworkingMessages_SendMessageToUser	EResult	u64
steam_api	SteamAPI_ISteamNetworkingSignalingRecvContext_OnConnectRequest	IntPtr	u64
steam_api	SteamAPI_ISteamNetworkingSignalingRecvContext_SendRejectionSignal	void	void
steam_api	SteamAPI_ISteamNetworkingSockets_AcceptConnection	EResult	u64
steam_api	SteamAPI_ISteamNetworkingSockets_BeginAsyncRequestFakeIP	bool	u64
steam_api	SteamAPI_ISteamNetworkingSockets_CloseConnection	bool	u64
steam_api	SteamAPI_ISteamNetworkingSockets_CloseListenSocket	bool	u64
steam_api	SteamAPI_ISteamNetworkingSockets_ConfigureConnectionLanes	EResult	u64
steam_api	SteamAPI_ISteamNetworkingSockets_ConnectByIPAddress	uint	u64
steam_api	SteamAPI_ISteamNetworkingSockets_ConnectP2P	uint	u64
steam_api	SteamAPI_ISteamNetworkingSockets_ConnectP2PCustomSignaling	uint	u64
steam_api	SteamAPI_ISteamNetworkingSockets_ConnectToHostedDedicatedServer	uint	u64
steam_api	SteamAPI_ISteamNetworkingSockets_CreateFakeUDPPort	IntPtr	u64
steam_api	SteamAPI_ISteamNetworkingSockets_CreateHostedDedicatedServerListenSocket	uint	u64
steam_api	SteamAPI_ISteamNetworkingSockets_CreateListenSocketIP	uint	u64
steam_api	SteamAPI_ISteamNetworkingSockets_CreateListenSocketP2P	uint	u64
steam_api	SteamAPI_ISteamNetworkingSockets_CreateListenSocketP2PFakeIP	uint	u64
steam_api	SteamAPI_ISteamNetworkingSockets_CreatePollGroup	uint	u64
steam_api	SteamAPI_ISteamNetworkingSockets_CreateSocketPair	bool	u64
steam_api	SteamAPI_ISteamNetworkingSockets_DestroyPollGroup	bool	u64
steam_api	SteamAPI_ISteamNetworkingSockets_FindRelayAuthTicketForServer	int	u64
steam_api	SteamAPI_ISteamNetworkingSockets_FlushMessagesOnConnection	EResult	u64
steam_api	SteamAPI_ISteamNetworkingSockets_GetAuthenticationStatus	ESteamNetworkingAvailability	u64
steam_api	SteamAPI_ISteamNetworkingSockets_GetCertificateRequest	bool	u64
steam_api	SteamAPI_ISteamNetworkingSockets_GetConnectionInfo	bool	u64
steam_api	SteamAPI_ISteamNetworkingSockets_GetConnectionName	bool	u64
steam_api	SteamAPI_ISteamNetworkingSockets_GetConnectionRealTimeStatus	EResult	u64
steam_api	SteamAPI_ISteamNetworkingSockets_GetConnectionUserData	long	u64
steam_api	SteamAPI_ISteamNetworkingSockets_GetDetailedConnectionStatus	int	u64
steam_api	SteamAPI_ISteamNetworkingSockets_GetFakeIP	void	void
steam_api	SteamAPI_ISteamNetworkingSockets_GetGameCoordinatorServerLogin	EResult	u64
steam_api	SteamAPI_ISteamNetworkingSockets_GetHostedDedicatedServerAddress	EResult	u64
steam_api	SteamAPI_ISteamNetworkingSockets_GetHostedDedicatedServerPOPID	uint	u64
steam_api	SteamAPI_ISteamNetworkingSockets_GetHostedDedicatedServerPort	ushort	u64
steam_api	SteamAPI_ISteamNetworkingSockets_GetIdentity	bool	u64
steam_api	SteamAPI_ISteamNetworkingSockets_GetListenSocketAddress	bool	u64
steam_api	SteamAPI_ISteamNetworkingSockets_GetRemoteFakeIPForConnection	EResult	u64
steam_api	SteamAPI_ISteamNetworkingSockets_InitAuthentication	ESteamNetworkingAvailability	u64
steam_api	SteamAPI_ISteamNetworkingSockets_ReceiveMessagesOnConnection	int	u64
steam_api	SteamAPI_ISteamNetworkingSockets_ReceiveMessagesOnPollGroup	int	u64
steam_api	SteamAPI_ISteamNetworkingSockets_ReceivedP2PCustomSignal	bool	u64
steam_api	SteamAPI_ISteamNetworkingSockets_ReceivedRelayAuthTicket	bool	u64
steam_api	SteamAPI_ISteamNetworkingSockets_ResetIdentity	void	void
steam_api	SteamAPI_ISteamNetworkingSockets_RunCallbacks	void	void
steam_api	SteamAPI_ISteamNetworkingSockets_SendMessageToConnection	EResult	u64
steam_api	SteamAPI_ISteamNetworkingSockets_SendMessages	void	void
steam_api	SteamAPI_ISteamNetworkingSockets_SetCertificate	bool	u64
steam_api	SteamAPI_ISteamNetworkingSockets_SetConnectionName	void	void
steam_api	SteamAPI_ISteamNetworkingSockets_SetConnectionPollGroup	bool	u64
steam_api	SteamAPI_ISteamNetworkingSockets_SetConnectionUserData	bool	u64
steam_api	SteamAPI_ISteamNetworkingUtils_AllocateMessage	IntPtr	u64
steam_api	SteamAPI_ISteamNetworkingUtils_CheckPingDataUpToDate	bool	u64
steam_api	SteamAPI_ISteamNetworkingUtils_ConvertPingLocationToString	void	void
steam_api	SteamAPI_ISteamNetworkingUtils_EstimatePingTimeBetweenTwoLocations	int	u64
steam_api	SteamAPI_ISteamNetworkingUtils_EstimatePingTimeFromLocalHost	int	u64
steam_api	SteamAPI_ISteamNetworkingUtils_GetConfigValue	ESteamNetworkingGetConfigValueResult	u64
steam_api	SteamAPI_ISteamNetworkingUtils_GetConfigValueInfo	IntPtr	u64
steam_api	SteamAPI_ISteamNetworkingUtils_GetDirectPingToPOP	int	u64
steam_api	SteamAPI_ISteamNetworkingUtils_GetIPv4FakeIPType	ESteamNetworkingFakeIPType	u64
steam_api	SteamAPI_ISteamNetworkingUtils_GetLocalPingLocation	float	f32
steam_api	SteamAPI_ISteamNetworkingUtils_GetLocalTimestamp	long	u64
steam_api	SteamAPI_ISteamNetworkingUtils_GetPOPCount	int	u64
steam_api	SteamAPI_ISteamNetworkingUtils_GetPOPList	int	u64
steam_api	SteamAPI_ISteamNetworkingUtils_GetPingToDataCenter	int	u64
steam_api	SteamAPI_ISteamNetworkingUtils_GetRealIdentityForFakeIP	EResult	u64
steam_api	SteamAPI_ISteamNetworkingUtils_GetRelayNetworkStatus	ESteamNetworkingAvailability	u64
steam_api	SteamAPI_ISteamNetworkingUtils_InitRelayNetworkAccess	void	void
steam_api	SteamAPI_ISteamNetworkingUtils_IsFakeIPv4	bool	u64
steam_api	SteamAPI_ISteamNetworkingUtils_IterateGenericEditableConfigValues	ESteamNetworkingConfigValue	u64
steam_api	SteamAPI_ISteamNetworkingUtils_ParsePingLocationString	bool	u64
steam_api	SteamAPI_ISteamNetworkingUtils_SetConfigValue	bool	u64
steam_api	SteamAPI_ISteamNetworkingUtils_SetDebugOutputFunction	void	void
steam_api	SteamAPI_ISteamNetworkingUtils_SteamNetworkingIPAddr_GetFakeIPType	ESteamNetworkingFakeIPType	u64
steam_api	SteamAPI_ISteamNetworkingUtils_SteamNetworkingIPAddr_ParseString	bool	u64
steam_api	SteamAPI_ISteamNetworkingUtils_SteamNetworkingIPAddr_ToString	void	void
steam_api	SteamAPI_ISteamNetworkingUtils_SteamNetworkingIdentity_ParseString	bool	u64
steam_api	SteamAPI_ISteamNetworkingUtils_SteamNetworkingIdentity_ToString	void	void
steam_api	SteamAPI_ISteamNetworking_AcceptP2PSessionWithUser	bool	u64
steam_api	SteamAPI_ISteamNetworking_AllowP2PPacketRelay	bool	u64
steam_api	SteamAPI_ISteamNetworking_CloseP2PChannelWithUser	bool	u64
steam_api	SteamAPI_ISteamNetworking_CloseP2PSessionWithUser	bool	u64
steam_api	SteamAPI_ISteamNetworking_CreateConnectionSocket	uint	u64
steam_api	SteamAPI_ISteamNetworking_CreateListenSocket	uint	u64
steam_api	SteamAPI_ISteamNetworking_CreateP2PConnectionSocket	uint	u64
steam_api	SteamAPI_ISteamNetworking_DestroyListenSocket	bool	u64
steam_api	SteamAPI_ISteamNetworking_DestroySocket	bool	u64
steam_api	SteamAPI_ISteamNetworking_GetListenSocketInfo	bool	u64
steam_api	SteamAPI_ISteamNetworking_GetMaxPacketSize	int	u64
steam_api	SteamAPI_ISteamNetworking_GetP2PSessionState	bool	u64
steam_api	SteamAPI_ISteamNetworking_GetSocketConnectionType	ESNetSocketConnectionType	u64
steam_api	SteamAPI_ISteamNetworking_GetSocketInfo	bool	u64
steam_api	SteamAPI_ISteamNetworking_IsDataAvailable	bool	u64
steam_api	SteamAPI_ISteamNetworking_IsDataAvailableOnSocket	bool	u64
steam_api	SteamAPI_ISteamNetworking_IsP2PPacketAvailable	bool	u64
steam_api	SteamAPI_ISteamNetworking_ReadP2PPacket	bool	u64
steam_api	SteamAPI_ISteamNetworking_RetrieveData	bool	u64
steam_api	SteamAPI_ISteamNetworking_RetrieveDataFromSocket	bool	u64
steam_api	SteamAPI_ISteamNetworking_SendDataOnSocket	bool	u64
steam_api	SteamAPI_ISteamNetworking_SendP2PPacket	bool	u64
steam_api	SteamAPI_ISteamParentalSettings_BIsAppBlocked	bool	u64
steam_api	SteamAPI_ISteamParentalSettings_BIsAppInBlockList	bool	u64
steam_api	SteamAPI_ISteamParentalSettings_BIsFeatureBlocked	bool	u64
steam_api	SteamAPI_ISteamParentalSettings_BIsFeatureInBlockList	bool	u64
steam_api	SteamAPI_ISteamParentalSettings_BIsParentalLockEnabled	bool	u64
steam_api	SteamAPI_ISteamParentalSettings_BIsParentalLockLocked	bool	u64
steam_api	SteamAPI_ISteamParties_CancelReservation	void	void
steam_api	SteamAPI_ISteamParties_ChangeNumOpenSlots	ulong	u64
steam_api	SteamAPI_ISteamParties_CreateBeacon	ulong	u64
steam_api	SteamAPI_ISteamParties_DestroyBeacon	bool	u64
steam_api	SteamAPI_ISteamParties_GetAvailableBeaconLocations	bool	u64
steam_api	SteamAPI_ISteamParties_GetBeaconByIndex	ulong	u64
steam_api	SteamAPI_ISteamParties_GetBeaconDetails	bool	u64
steam_api	SteamAPI_ISteamParties_GetBeaconLocationData	bool	u64
steam_api	SteamAPI_ISteamParties_GetNumActiveBeacons	uint	u64
steam_api	SteamAPI_ISteamParties_GetNumAvailableBeaconLocations	bool	u64
steam_api	SteamAPI_ISteamParties_JoinParty	ulong	u64
steam_api	SteamAPI_ISteamParties_OnReservationCompleted	void	void
steam_api	SteamAPI_ISteamRemotePlay_BGetSessionClientResolution	bool	u64
steam_api	SteamAPI_ISteamRemotePlay_BSendRemotePlayTogetherInvite	bool	u64
steam_api	SteamAPI_ISteamRemotePlay_GetSessionClientFormFactor	ESteamDeviceFormFactor	u64
steam_api	SteamAPI_ISteamRemotePlay_GetSessionClientName	IntPtr	u64
steam_api	SteamAPI_ISteamRemotePlay_GetSessionCount	uint	u64
steam_api	SteamAPI_ISteamRemotePlay_GetSessionID	uint	u64
steam_api	SteamAPI_ISteamRemotePlay_GetSessionSteamID	ulong	u64
steam_api	SteamAPI_ISteamRemoteStorage_BeginFileWriteBatch	bool	u64
steam_api	SteamAPI_ISteamRemoteStorage_CommitPublishedFileUpdate	ulong	u64
steam_api	SteamAPI_ISteamRemoteStorage_CreatePublishedFileUpdateRequest	ulong	u64
steam_api	SteamAPI_ISteamRemoteStorage_DeletePublishedFile	ulong	u64
steam_api	SteamAPI_ISteamRemoteStorage_EndFileWriteBatch	bool	u64
steam_api	SteamAPI_ISteamRemoteStorage_EnumeratePublishedFilesByUserAction	ulong	u64
steam_api	SteamAPI_ISteamRemoteStorage_EnumeratePublishedWorkshopFiles	ulong	u64
steam_api	SteamAPI_ISteamRemoteStorage_EnumerateUserPublishedFiles	ulong	u64
steam_api	SteamAPI_ISteamRemoteStorage_EnumerateUserSharedWorkshopFiles	ulong	u64
steam_api	SteamAPI_ISteamRemoteStorage_EnumerateUserSubscribedFiles	ulong	u64
steam_api	SteamAPI_ISteamRemoteStorage_FileDelete	bool	u64
steam_api	SteamAPI_ISteamRemoteStorage_FileExists	bool	u64
steam_api	SteamAPI_ISteamRemoteStorage_FileForget	bool	u64
steam_api	SteamAPI_ISteamRemoteStorage_FilePersisted	bool	u64
steam_api	SteamAPI_ISteamRemoteStorage_FileRead	int	u64
steam_api	SteamAPI_ISteamRemoteStorage_FileReadAsync	ulong	u64
steam_api	SteamAPI_ISteamRemoteStorage_FileReadAsyncComplete	bool	u64
steam_api	SteamAPI_ISteamRemoteStorage_FileShare	ulong	u64
steam_api	SteamAPI_ISteamRemoteStorage_FileWrite	bool	u64
steam_api	SteamAPI_ISteamRemoteStorage_FileWriteAsync	ulong	u64
steam_api	SteamAPI_ISteamRemoteStorage_FileWriteStreamCancel	bool	u64
steam_api	SteamAPI_ISteamRemoteStorage_FileWriteStreamClose	bool	u64
steam_api	SteamAPI_ISteamRemoteStorage_FileWriteStreamOpen	ulong	u64
steam_api	SteamAPI_ISteamRemoteStorage_FileWriteStreamWriteChunk	bool	u64
steam_api	SteamAPI_ISteamRemoteStorage_GetCachedUGCCount	int	u64
steam_api	SteamAPI_ISteamRemoteStorage_GetCachedUGCHandle	ulong	u64
steam_api	SteamAPI_ISteamRemoteStorage_GetFileCount	int	u64
steam_api	SteamAPI_ISteamRemoteStorage_GetFileNameAndSize	IntPtr	u64
steam_api	SteamAPI_ISteamRemoteStorage_GetFileSize	int	u64
steam_api	SteamAPI_ISteamRemoteStorage_GetFileTimestamp	long	u64
steam_api	SteamAPI_ISteamRemoteStorage_GetLocalFileChange	IntPtr	u64
steam_api	SteamAPI_ISteamRemoteStorage_GetLocalFileChangeCount	int	u64
steam_api	SteamAPI_ISteamRemoteStorage_GetPublishedFileDetails	ulong	u64
steam_api	SteamAPI_ISteamRemoteStorage_GetPublishedItemVoteDetails	ulong	u64
steam_api	SteamAPI_ISteamRemoteStorage_GetQuota	bool	u64
steam_api	SteamAPI_ISteamRemoteStorage_GetSyncPlatforms	ERemoteStoragePlatform	u64
steam_api	SteamAPI_ISteamRemoteStorage_GetUGCDetails	bool	u64
steam_api	SteamAPI_ISteamRemoteStorage_GetUGCDownloadProgress	bool	u64
steam_api	SteamAPI_ISteamRemoteStorage_GetUserPublishedItemVoteDetails	ulong	u64
steam_api	SteamAPI_ISteamRemoteStorage_IsCloudEnabledForAccount	bool	u64
steam_api	SteamAPI_ISteamRemoteStorage_IsCloudEnabledForApp	bool	u64
steam_api	SteamAPI_ISteamRemoteStorage_PublishVideo	ulong	u64
steam_api	SteamAPI_ISteamRemoteStorage_PublishWorkshopFile	ulong	u64
steam_api	SteamAPI_ISteamRemoteStorage_SetCloudEnabledForApp	void	void
steam_api	SteamAPI_ISteamRemoteStorage_SetSyncPlatforms	bool	u64
steam_api	SteamAPI_ISteamRemoteStorage_SetUserPublishedFileAction	ulong	u64
steam_api	SteamAPI_ISteamRemoteStorage_SubscribePublishedFile	ulong	u64
steam_api	SteamAPI_ISteamRemoteStorage_UGCDownload	ulong	u64
steam_api	SteamAPI_ISteamRemoteStorage_UGCDownloadToLocation	ulong	u64
steam_api	SteamAPI_ISteamRemoteStorage_UGCRead	int	u64
steam_api	SteamAPI_ISteamRemoteStorage_UnsubscribePublishedFile	ulong	u64
steam_api	SteamAPI_ISteamRemoteStorage_UpdatePublishedFileDescription	bool	u64
steam_api	SteamAPI_ISteamRemoteStorage_UpdatePublishedFileFile	bool	u64
steam_api	SteamAPI_ISteamRemoteStorage_UpdatePublishedFilePreviewFile	bool	u64
steam_api	SteamAPI_ISteamRemoteStorage_UpdatePublishedFileSetChangeDescription	bool	u64
steam_api	SteamAPI_ISteamRemoteStorage_UpdatePublishedFileTags	bool	u64
steam_api	SteamAPI_ISteamRemoteStorage_UpdatePublishedFileTitle	bool	u64
steam_api	SteamAPI_ISteamRemoteStorage_UpdatePublishedFileVisibility	bool	u64
steam_api	SteamAPI_ISteamRemoteStorage_UpdateUserPublishedItemVote	ulong	u64
steam_api	SteamAPI_ISteamScreenshots_AddScreenshotToLibrary	uint	u64
steam_api	SteamAPI_ISteamScreenshots_AddVRScreenshotToLibrary	uint	u64
steam_api	SteamAPI_ISteamScreenshots_HookScreenshots	void	void
steam_api	SteamAPI_ISteamScreenshots_IsScreenshotsHooked	bool	u64
steam_api	SteamAPI_ISteamScreenshots_SetLocation	bool	u64
steam_api	SteamAPI_ISteamScreenshots_TagPublishedFile	bool	u64
steam_api	SteamAPI_ISteamScreenshots_TagUser	bool	u64
steam_api	SteamAPI_ISteamScreenshots_TriggerScreenshot	void	void
steam_api	SteamAPI_ISteamScreenshots_WriteScreenshot	uint	u64
steam_api	SteamAPI_ISteamUGC_AddAppDependency	ulong	u64
steam_api	SteamAPI_ISteamUGC_AddContentDescriptor	bool	u64
steam_api	SteamAPI_ISteamUGC_AddDependency	ulong	u64
steam_api	SteamAPI_ISteamUGC_AddExcludedTag	bool	u64
steam_api	SteamAPI_ISteamUGC_AddItemKeyValueTag	bool	u64
steam_api	SteamAPI_ISteamUGC_AddItemPreviewFile	bool	u64
steam_api	SteamAPI_ISteamUGC_AddItemPreviewVideo	bool	u64
steam_api	SteamAPI_ISteamUGC_AddItemToFavorites	ulong	u64
steam_api	SteamAPI_ISteamUGC_AddRequiredKeyValueTag	bool	u64
steam_api	SteamAPI_ISteamUGC_AddRequiredTag	bool	u64
steam_api	SteamAPI_ISteamUGC_AddRequiredTagGroup	bool	u64
steam_api	SteamAPI_ISteamUGC_BInitWorkshopForGameServer	bool	u64
steam_api	SteamAPI_ISteamUGC_CreateItem	ulong	u64
steam_api	SteamAPI_ISteamUGC_CreateQueryAllUGCRequestCursor	ulong	u64
steam_api	SteamAPI_ISteamUGC_CreateQueryAllUGCRequestPage	ulong	u64
steam_api	SteamAPI_ISteamUGC_CreateQueryUGCDetailsRequest	ulong	u64
steam_api	SteamAPI_ISteamUGC_CreateQueryUserUGCRequest	ulong	u64
steam_api	SteamAPI_ISteamUGC_DeleteItem	ulong	u64
steam_api	SteamAPI_ISteamUGC_DownloadItem	bool	u64
steam_api	SteamAPI_ISteamUGC_GetAppDependencies	ulong	u64
steam_api	SteamAPI_ISteamUGC_GetItemDownloadInfo	bool	u64
steam_api	SteamAPI_ISteamUGC_GetItemInstallInfo	bool	u64
steam_api	SteamAPI_ISteamUGC_GetItemState	uint	u64
steam_api	SteamAPI_ISteamUGC_GetItemUpdateProgress	EItemUpdateStatus	u64
steam_api	SteamAPI_ISteamUGC_GetNumSubscribedItems	uint	u64
steam_api	SteamAPI_ISteamUGC_GetQueryFirstUGCKeyValueTag	bool	u64
steam_api	SteamAPI_ISteamUGC_GetQueryUGCAdditionalPreview	bool	u64
steam_api	SteamAPI_ISteamUGC_GetQueryUGCChildren	bool	u64
steam_api	SteamAPI_ISteamUGC_GetQueryUGCContentDescriptors	uint	u64
steam_api	SteamAPI_ISteamUGC_GetQueryUGCKeyValueTag	bool	u64
steam_api	SteamAPI_ISteamUGC_GetQueryUGCMetadata	bool	u64
steam_api	SteamAPI_ISteamUGC_GetQueryUGCNumAdditionalPreviews	uint	u64
steam_api	SteamAPI_ISteamUGC_GetQueryUGCNumKeyValueTags	uint	u64
steam_api	SteamAPI_ISteamUGC_GetQueryUGCNumTags	uint	u64
steam_api	SteamAPI_ISteamUGC_GetQueryUGCPreviewURL	bool	u64
steam_api	SteamAPI_ISteamUGC_GetQueryUGCResult	bool	u64
steam_api	SteamAPI_ISteamUGC_GetQueryUGCStatistic	bool	u64
steam_api	SteamAPI_ISteamUGC_GetQueryUGCTag	bool	u64
steam_api	SteamAPI_ISteamUGC_GetQueryUGCTagDisplayName	bool	u64
steam_api	SteamAPI_ISteamUGC_GetSubscribedItems	uint	u64
steam_api	SteamAPI_ISteamUGC_GetUserItemVote	ulong	u64
steam_api	SteamAPI_ISteamUGC_GetWorkshopEULAStatus	ulong	u64
steam_api	SteamAPI_ISteamUGC_ReleaseQueryUGCRequest	bool	u64
steam_api	SteamAPI_ISteamUGC_RemoveAllItemKeyValueTags	bool	u64
steam_api	SteamAPI_ISteamUGC_RemoveAppDependency	ulong	u64
steam_api	SteamAPI_ISteamUGC_RemoveContentDescriptor	bool	u64
steam_api	SteamAPI_ISteamUGC_RemoveDependency	ulong	u64
steam_api	SteamAPI_ISteamUGC_RemoveItemFromFavorites	ulong	u64
steam_api	SteamAPI_ISteamUGC_RemoveItemKeyValueTags	bool	u64
steam_api	SteamAPI_ISteamUGC_RemoveItemPreview	bool	u64
steam_api	SteamAPI_ISteamUGC_RequestUGCDetails	ulong	u64
steam_api	SteamAPI_ISteamUGC_SendQueryUGCRequest	ulong	u64
steam_api	SteamAPI_ISteamUGC_SetAllowCachedResponse	bool	u64
steam_api	SteamAPI_ISteamUGC_SetAllowLegacyUpload	bool	u64
steam_api	SteamAPI_ISteamUGC_SetCloudFileNameFilter	bool	u64
steam_api	SteamAPI_ISteamUGC_SetItemContent	bool	u64
steam_api	SteamAPI_ISteamUGC_SetItemDescription	bool	u64
steam_api	SteamAPI_ISteamUGC_SetItemMetadata	bool	u64
steam_api	SteamAPI_ISteamUGC_SetItemPreview	bool	u64
steam_api	SteamAPI_ISteamUGC_SetItemTags	bool	u64
steam_api	SteamAPI_ISteamUGC_SetItemTitle	bool	u64
steam_api	SteamAPI_ISteamUGC_SetItemUpdateLanguage	bool	u64
steam_api	SteamAPI_ISteamUGC_SetItemVisibility	bool	u64
steam_api	SteamAPI_ISteamUGC_SetLanguage	bool	u64
steam_api	SteamAPI_ISteamUGC_SetMatchAnyTag	bool	u64
steam_api	SteamAPI_ISteamUGC_SetRankedByTrendDays	bool	u64
steam_api	SteamAPI_ISteamUGC_SetReturnAdditionalPreviews	bool	u64
steam_api	SteamAPI_ISteamUGC_SetReturnChildren	bool	u64
steam_api	SteamAPI_ISteamUGC_SetReturnKeyValueTags	bool	u64
steam_api	SteamAPI_ISteamUGC_SetReturnLongDescription	bool	u64
steam_api	SteamAPI_ISteamUGC_SetReturnMetadata	bool	u64
steam_api	SteamAPI_ISteamUGC_SetReturnOnlyIDs	bool	u64
steam_api	SteamAPI_ISteamUGC_SetReturnPlaytimeStats	bool	u64
steam_api	SteamAPI_ISteamUGC_SetReturnTotalOnly	bool	u64
steam_api	SteamAPI_ISteamUGC_SetSearchText	bool	u64
steam_api	SteamAPI_ISteamUGC_SetTimeCreatedDateRange	bool	u64
steam_api	SteamAPI_ISteamUGC_SetTimeUpdatedDateRange	bool	u64
steam_api	SteamAPI_ISteamUGC_SetUserItemVote	ulong	u64
steam_api	SteamAPI_ISteamUGC_ShowWorkshopEULA	bool	u64
steam_api	SteamAPI_ISteamUGC_StartItemUpdate	ulong	u64
steam_api	SteamAPI_ISteamUGC_StartPlaytimeTracking	ulong	u64
steam_api	SteamAPI_ISteamUGC_StopPlaytimeTracking	ulong	u64
steam_api	SteamAPI_ISteamUGC_StopPlaytimeTrackingForAllItems	ulong	u64
steam_api	SteamAPI_ISteamUGC_SubmitItemUpdate	ulong	u64
steam_api	SteamAPI_ISteamUGC_SubscribeItem	ulong	u64
steam_api	SteamAPI_ISteamUGC_SuspendDownloads	void	void
steam_api	SteamAPI_ISteamUGC_UnsubscribeItem	ulong	u64
steam_api	SteamAPI_ISteamUGC_UpdateItemPreviewFile	bool	u64
steam_api	SteamAPI_ISteamUGC_UpdateItemPreviewVideo	bool	u64
steam_api	SteamAPI_ISteamUserStats_AttachLeaderboardUGC	ulong	u64
steam_api	SteamAPI_ISteamUserStats_ClearAchievement	bool	u64
steam_api	SteamAPI_ISteamUserStats_DownloadLeaderboardEntries	ulong	u64
steam_api	SteamAPI_ISteamUserStats_DownloadLeaderboardEntriesForUsers	ulong	u64
steam_api	SteamAPI_ISteamUserStats_FindLeaderboard	ulong	u64
steam_api	SteamAPI_ISteamUserStats_FindOrCreateLeaderboard	ulong	u64
steam_api	SteamAPI_ISteamUserStats_GetAchievement	bool	u64
steam_api	SteamAPI_ISteamUserStats_GetAchievementAchievedPercent	bool	u64
steam_api	SteamAPI_ISteamUserStats_GetAchievementAndUnlockTime	bool	u64
steam_api	SteamAPI_ISteamUserStats_GetAchievementDisplayAttribute	IntPtr	u64
steam_api	SteamAPI_ISteamUserStats_GetAchievementIcon	int	u64
steam_api	SteamAPI_ISteamUserStats_GetAchievementName	IntPtr	u64
steam_api	SteamAPI_ISteamUserStats_GetAchievementProgressLimitsFloat	bool	u64
steam_api	SteamAPI_ISteamUserStats_GetAchievementProgressLimitsInt32	bool	u64
steam_api	SteamAPI_ISteamUserStats_GetDownloadedLeaderboardEntry	bool	u64
steam_api	SteamAPI_ISteamUserStats_GetGlobalStatDouble	bool	u64
steam_api	SteamAPI_ISteamUserStats_GetGlobalStatHistoryDouble	int	u64
steam_api	SteamAPI_ISteamUserStats_GetGlobalStatHistoryInt64	int	u64
steam_api	SteamAPI_ISteamUserStats_GetGlobalStatInt64	bool	u64
steam_api	SteamAPI_ISteamUserStats_GetLeaderboardDisplayType	ELeaderboardDisplayType	u64
steam_api	SteamAPI_ISteamUserStats_GetLeaderboardEntryCount	int	u64
steam_api	SteamAPI_ISteamUserStats_GetLeaderboardName	IntPtr	u64
steam_api	SteamAPI_ISteamUserStats_GetLeaderboardSortMethod	ELeaderboardSortMethod	u64
steam_api	SteamAPI_ISteamUserStats_GetMostAchievedAchievementInfo	int	u64
steam_api	SteamAPI_ISteamUserStats_GetNextMostAchievedAchievementInfo	int	u64
steam_api	SteamAPI_ISteamUserStats_GetNumAchievements	uint	u64
steam_api	SteamAPI_ISteamUserStats_GetNumberOfCurrentPlayers	ulong	u64
steam_api	SteamAPI_ISteamUserStats_GetStatFloat	bool	u64
steam_api	SteamAPI_ISteamUserStats_GetStatInt32	bool	u64
steam_api	SteamAPI_ISteamUserStats_GetUserAchievement	bool	u64
steam_api	SteamAPI_ISteamUserStats_GetUserAchievementAndUnlockTime	bool	u64
steam_api	SteamAPI_ISteamUserStats_GetUserStatFloat	bool	u64
steam_api	SteamAPI_ISteamUserStats_GetUserStatInt32	bool	u64
steam_api	SteamAPI_ISteamUserStats_IndicateAchievementProgress	bool	u64
steam_api	SteamAPI_ISteamUserStats_RequestCurrentStats	bool	u64
steam_api	SteamAPI_ISteamUserStats_RequestGlobalAchievementPercentages	ulong	u64
steam_api	SteamAPI_ISteamUserStats_RequestGlobalStats	ulong	u64
steam_api	SteamAPI_ISteamUserStats_RequestUserStats	ulong	u64
steam_api	SteamAPI_ISteamUserStats_ResetAllStats	bool	u64
steam_api	SteamAPI_ISteamUserStats_SetAchievement	bool	u64
steam_api	SteamAPI_ISteamUserStats_SetStatFloat	bool	u64
steam_api	SteamAPI_ISteamUserStats_SetStatInt32	bool	u64
steam_api	SteamAPI_ISteamUserStats_StoreStats	bool	u64
steam_api	SteamAPI_ISteamUserStats_UpdateAvgRateStat	bool	u64
steam_api	SteamAPI_ISteamUserStats_UploadLeaderboardScore	ulong	u64
steam_api	SteamAPI_ISteamUser_AdvertiseGame	void	void
steam_api	SteamAPI_ISteamUser_BIsBehindNAT	bool	u64
steam_api	SteamAPI_ISteamUser_BIsPhoneIdentifying	bool	u64
steam_api	SteamAPI_ISteamUser_BIsPhoneRequiringVerification	bool	u64
steam_api	SteamAPI_ISteamUser_BIsPhoneVerified	bool	u64
steam_api	SteamAPI_ISteamUser_BIsTwoFactorEnabled	bool	u64
steam_api	SteamAPI_ISteamUser_BLoggedOn	bool	u64
steam_api	SteamAPI_ISteamUser_BSetDurationControlOnlineState	bool	u64
steam_api	SteamAPI_ISteamUser_BeginAuthSession	EBeginAuthSessionResult	u64
steam_api	SteamAPI_ISteamUser_CancelAuthTicket	void	void
steam_api	SteamAPI_ISteamUser_DecompressVoice	EVoiceResult	u64
steam_api	SteamAPI_ISteamUser_EndAuthSession	void	void
steam_api	SteamAPI_ISteamUser_GetAuthSessionTicket	uint	u64
steam_api	SteamAPI_ISteamUser_GetAuthTicketForWebApi	uint	u64
steam_api	SteamAPI_ISteamUser_GetAvailableVoice	EVoiceResult	u64
steam_api	SteamAPI_ISteamUser_GetDurationControl	ulong	u64
steam_api	SteamAPI_ISteamUser_GetEncryptedAppTicket	bool	u64
steam_api	SteamAPI_ISteamUser_GetGameBadgeLevel	int	u64
steam_api	SteamAPI_ISteamUser_GetHSteamUser	int	u64
steam_api	SteamAPI_ISteamUser_GetMarketEligibility	ulong	u64
steam_api	SteamAPI_ISteamUser_GetPlayerSteamLevel	int	u64
steam_api	SteamAPI_ISteamUser_GetSteamID	ulong	u64
steam_api	SteamAPI_ISteamUser_GetUserDataFolder	bool	u64
steam_api	SteamAPI_ISteamUser_GetVoice	EVoiceResult	u64
steam_api	SteamAPI_ISteamUser_GetVoiceOptimalSampleRate	uint	u64
steam_api	SteamAPI_ISteamUser_InitiateGameConnection_DEPRECATED	int	u64
steam_api	SteamAPI_ISteamUser_RequestEncryptedAppTicket	ulong	u64
steam_api	SteamAPI_ISteamUser_RequestStoreAuthURL	ulong	u64
steam_api	SteamAPI_ISteamUser_StartVoiceRecording	void	void
steam_api	SteamAPI_ISteamUser_StopVoiceRecording	void	void
steam_api	SteamAPI_ISteamUser_TerminateGameConnection_DEPRECATED	void	void
steam_api	SteamAPI_ISteamUser_TrackAppUsageEvent	void	void
steam_api	SteamAPI_ISteamUser_UserHasLicenseForApp	EUserHasLicenseForAppResult	u64
steam_api	SteamAPI_ISteamUtils_BOverlayNeedsPresent	bool	u64
steam_api	SteamAPI_ISteamUtils_CheckFileSignature	ulong	u64
steam_api	SteamAPI_ISteamUtils_DismissFloatingGamepadTextInput	bool	u64
steam_api	SteamAPI_ISteamUtils_FilterText	int	u64
steam_api	SteamAPI_ISteamUtils_GetAPICallFailureReason	ESteamAPICallFailure	u64
steam_api	SteamAPI_ISteamUtils_GetAPICallResult	bool	u64
steam_api	SteamAPI_ISteamUtils_GetAppID	uint	u64
steam_api	SteamAPI_ISteamUtils_GetConnectedUniverse	EUniverse	u64
steam_api	SteamAPI_ISteamUtils_GetCurrentBatteryPower	byte	u64
steam_api	SteamAPI_ISteamUtils_GetEnteredGamepadTextInput	bool	u64
steam_api	SteamAPI_ISteamUtils_GetEnteredGamepadTextLength	uint	u64
steam_api	SteamAPI_ISteamUtils_GetIPCCallCount	uint	u64
steam_api	SteamAPI_ISteamUtils_GetIPCountry	IntPtr	u64
steam_api	SteamAPI_ISteamUtils_GetIPv6ConnectivityState	ESteamIPv6ConnectivityState	u64
steam_api	SteamAPI_ISteamUtils_GetImageRGBA	bool	u64
steam_api	SteamAPI_ISteamUtils_GetImageSize	bool	u64
steam_api	SteamAPI_ISteamUtils_GetSecondsSinceAppActive	uint	u64
steam_api	SteamAPI_ISteamUtils_GetSecondsSinceComputerActive	uint	u64
steam_api	SteamAPI_ISteamUtils_GetServerRealTime	uint	u64
steam_api	SteamAPI_ISteamUtils_GetSteamUILanguage	IntPtr	u64
steam_api	SteamAPI_ISteamUtils_InitFilterText	bool	u64
steam_api	SteamAPI_ISteamUtils_IsAPICallCompleted	bool	u64
steam_api	SteamAPI_ISteamUtils_IsOverlayEnabled	bool	u64
steam_api	SteamAPI_ISteamUtils_IsSteamChinaLauncher	bool	u64
steam_api	SteamAPI_ISteamUtils_IsSteamInBigPictureMode	bool	u64
steam_api	SteamAPI_ISteamUtils_IsSteamRunningInVR	bool	u64
steam_api	SteamAPI_ISteamUtils_IsSteamRunningOnSteamDeck	bool	u64
steam_api	SteamAPI_ISteamUtils_IsVRHeadsetStreamingEnabled	bool	u64
steam_api	SteamAPI_ISteamUtils_SetGameLauncherMode	void	void
steam_api	SteamAPI_ISteamUtils_SetOverlayNotificationInset	void	void
steam_api	SteamAPI_ISteamUtils_SetOverlayNotificationPosition	void	void
steam_api	SteamAPI_ISteamUtils_SetVRHeadsetStreamingEnabled	void	void
steam_api	SteamAPI_ISteamUtils_SetWarningMessageHook	void	void
steam_api	SteamAPI_ISteamUtils_ShowFloatingGamepadTextInput	bool	u64
steam_api	SteamAPI_ISteamUtils_ShowGamepadTextInput	bool	u64
steam_api	SteamAPI_ISteamUtils_StartVRDashboard	void	void
steam_api	SteamAPI_ISteamVideo_GetOPFSettings	void	void
steam_api	SteamAPI_ISteamVideo_GetOPFStringForApp	bool	u64
steam_api	SteamAPI_ISteamVideo_GetVideoURL	void	void
steam_api	SteamAPI_ISteamVideo_IsBroadcasting	bool	u64
steam_api	SteamAPI_Init	bool	u64
steam_api	SteamAPI_IsSteamRunning	bool	u64
steam_api	SteamAPI_ManualDispatch_FreeLastCallback	void	void
steam_api	SteamAPI_ManualDispatch_GetAPICallResult	bool	u64
steam_api	SteamAPI_ManualDispatch_GetNextCallback	bool	u64
steam_api	SteamAPI_ManualDispatch_Init	void	void
steam_api	SteamAPI_ManualDispatch_RunFrame	void	void
steam_api	SteamAPI_RegisterCallResult	void	void
steam_api	SteamAPI_RegisterCallback	void	void
steam_api	SteamAPI_ReleaseCurrentThreadMemory	void	void
steam_api	SteamAPI_RestartAppIfNecessary	bool	u64
steam_api	SteamAPI_RunCallbacks	void	void
steam_api	SteamAPI_SetBreakpadAppID	void	void
steam_api	SteamAPI_SetMiniDumpComment	void	void
steam_api	SteamAPI_SetTryCatchCallbacks	void	void
steam_api	SteamAPI_Shutdown	void	void
steam_api	SteamAPI_SteamNetworkingIPAddr_Clear	void	void
steam_api	SteamAPI_SteamNetworkingIPAddr_GetFakeIPType	ESteamNetworkingFakeIPType	u64
steam_api	SteamAPI_SteamNetworkingIPAddr_GetIPv4	uint	u64
steam_api	SteamAPI_SteamNetworkingIPAddr_IsEqualTo	bool	u64
steam_api	SteamAPI_SteamNetworkingIPAddr_IsFakeIP	bool	u64
steam_api	SteamAPI_SteamNetworkingIPAddr_IsIPv4	bool	u64
steam_api	SteamAPI_SteamNetworkingIPAddr_IsIPv6AllZeros	bool	u64
steam_api	SteamAPI_SteamNetworkingIPAddr_IsLocalHost	bool	u64
steam_api	SteamAPI_SteamNetworkingIPAddr_ParseString	bool	u64
steam_api	SteamAPI_SteamNetworkingIPAddr_SetIPv4	void	void
steam_api	SteamAPI_SteamNetworkingIPAddr_SetIPv6	void	void
steam_api	SteamAPI_SteamNetworkingIPAddr_SetIPv6LocalHost	void	void
steam_api	SteamAPI_SteamNetworkingIPAddr_ToString	void	void
steam_api	SteamAPI_SteamNetworkingIdentity_Clear	void	void
steam_api	SteamAPI_SteamNetworkingIdentity_GetFakeIPType	ESteamNetworkingFakeIPType	u64
steam_api	SteamAPI_SteamNetworkingIdentity_GetGenericBytes	IntPtr	u64
steam_api	SteamAPI_SteamNetworkingIdentity_GetGenericString	IntPtr	u64
steam_api	SteamAPI_SteamNetworkingIdentity_GetIPAddr	IntPtr	u64
steam_api	SteamAPI_SteamNetworkingIdentity_GetIPv4	uint	u64
steam_api	SteamAPI_SteamNetworkingIdentity_GetPSNID	ulong	u64
steam_api	SteamAPI_SteamNetworkingIdentity_GetStadiaID	ulong	u64
steam_api	SteamAPI_SteamNetworkingIdentity_GetSteamID	ulong	u64
steam_api	SteamAPI_SteamNetworkingIdentity_GetSteamID64	ulong	u64
steam_api	SteamAPI_SteamNetworkingIdentity_GetXboxPairwiseID	IntPtr	u64
steam_api	SteamAPI_SteamNetworkingIdentity_IsEqualTo	bool	u64
steam_api	SteamAPI_SteamNetworkingIdentity_IsFakeIP	bool	u64
steam_api	SteamAPI_SteamNetworkingIdentity_IsInvalid	bool	u64
steam_api	SteamAPI_SteamNetworkingIdentity_IsLocalHost	bool	u64
steam_api	SteamAPI_SteamNetworkingIdentity_ParseString	bool	u64
steam_api	SteamAPI_SteamNetworkingIdentity_SetGenericBytes	bool	u64
steam_api	SteamAPI_SteamNetworkingIdentity_SetGenericString	bool	u64
steam_api	SteamAPI_SteamNetworkingIdentity_SetIPAddr	IntPtr	u64
steam_api	SteamAPI_SteamNetworkingIdentity_SetIPv4Addr	void	void
steam_api	SteamAPI_SteamNetworkingIdentity_SetLocalHost	void	void
steam_api	SteamAPI_SteamNetworkingIdentity_SetPSNID	void	void
steam_api	SteamAPI_SteamNetworkingIdentity_SetStadiaID	void	void
steam_api	SteamAPI_SteamNetworkingIdentity_SetSteamID	void	void
steam_api	SteamAPI_SteamNetworkingIdentity_SetSteamID64	void	void
steam_api	SteamAPI_SteamNetworkingIdentity_SetXboxPairwiseID	bool	u64
steam_api	SteamAPI_SteamNetworkingIdentity_ToString	void	void
steam_api	SteamAPI_SteamNetworkingMessage_t_Release	void	void
steam_api	SteamAPI_UnregisterCallResult	void	void
steam_api	SteamAPI_UnregisterCallback	void	void
steam_api	SteamAPI_UseBreakpadCrashHandler	void	void
steam_api	SteamAPI_WriteMiniDump	void	void
steam_api	SteamClient	IntPtr	u64
steam_api	SteamGameServerClient	IntPtr	u64
steam_api	SteamGameServer_BSecure	bool	u64
steam_api	SteamGameServer_GetHSteamPipe	int	u64
steam_api	SteamGameServer_GetHSteamUser	int	u64
steam_api	SteamGameServer_GetSteamID	ulong	u64
steam_api	SteamGameServer_ReleaseCurrentThreadMemory	void	void
steam_api	SteamGameServer_RunCallbacks	void	void
steam_api	SteamGameServer_Shutdown	void	void
steam_api	SteamInternal_ContextInit	IntPtr	u64
steam_api	SteamInternal_CreateInterface	IntPtr	u64
steam_api	SteamInternal_FindOrCreateGameServerInterface	IntPtr	u64
steam_api	SteamInternal_FindOrCreateUserInterface	IntPtr	u64
steam_api	SteamInternal_GameServer_Init	bool	u64
